tag,subject,variant,variant_display,seed,freeze_eeg,epochs,effective_batch_size,lr,best_epoch,best_val_loss,total_train_minutes,total_params_M,trainable_params_M,projection_params_M,bleu1,bleu2,bleu3,bleu4,meteor,bertscore_p,bertscore_r,bertscore_f1
main,sub-04,linear_multi,Joint Linear (Ours),42,True,25,128,0.0004,25,1.744279,54.44,146.648,5.012,4.503,0.16214606743292104,0.0463513512765724,0.021240026304845252,0.013548506436786421,0.09720045755550656,0.6161637306213379,0.5957542061805725,0.6055494546890259
main,sub-04,multi_token,Independent Heads,42,True,25,128,0.0004,25,1.734392,55.91,146.63,4.994,4.485,0.143817647687534,0.04093956709660772,0.019115136132433253,0.01249855742705246,0.08457994203984617,0.6165967583656311,0.5884948372840881,0.6019802689552307
main,sub-04,single_token,Single Token,42,True,25,128,0.0004,25,2.231098,55.48,146.606,4.97,4.462,0.13457995143884877,0.03738323650068661,0.017786773380570914,0.01208698904677069,0.07885890402270716,0.6303578615188599,0.578082263469696,0.6028227806091309
main,sub-04,transformer,Transformer,42,True,25,128,0.0004,25,2.18511,54.62,147.083,5.447,4.939,0.16987682785696095,0.045761742380077644,0.021002735076124778,0.013766869319072774,0.10487934680596463,0.6232441067695618,0.5752791166305542,0.5980885624885559
main,sub-05,linear_multi,Joint Linear (Ours),42,True,25,128,0.0004,25,1.737219,54.93,146.648,5.012,4.503,0.1354863274470046,0.038442469430474815,0.018628131343950197,0.012606780786943302,0.08286882497222996,0.6120668649673462,0.5766741037368774,0.5936017632484436
main,sub-05,multi_token,Independent Heads,42,True,25,128,0.0004,25,1.743942,56.29,146.63,4.994,4.485,0.13743890332120334,0.04154509125825979,0.019485534380782578,0.012909190824548946,0.08533732557572905,0.6140821576118469,0.5871387720108032,0.6000931859016418
main,sub-05,single_token,Single Token,42,True,25,128,0.0004,25,2.226807,55.0,146.606,4.97,4.462,0.12875205091336087,0.03632777509882456,0.017662994877653247,0.012106520445512432,0.07886256345819986,0.626579761505127,0.5758557915687561,0.5998682975769043
main,sub-05,transformer,Transformer,42,True,25,128,0.0004,25,2.186524,55.36,147.083,5.447,4.939,0.1624613968185596,0.04403634283078356,0.020699743701553648,0.013484127198888434,0.0963817497424148,0.6285322308540344,0.5808742642402649,0.6034415364265442
main,sub-06,linear_multi,Joint Linear (Ours),42,True,25,128,0.0004,25,1.701997,50.16,146.648,5.012,4.503,0.1433061610481011,0.04623883245283028,0.02285505974095588,0.014163927130060362,0.08869022789287857,0.6217585802078247,0.5795372724533081,0.599579930305481
main,sub-06,multi_token,Independent Heads,42,True,25,128,0.0004,25,1.710067,50.55,146.63,4.994,4.485,0.13790905532245767,0.041515068720601185,0.02122708493384834,0.013326046611533415,0.08316455971588183,0.614852786064148,0.5741305351257324,0.5934796333312988
main,sub-06,single_token,Single Token,42,True,25,128,0.0004,25,2.208232,49.55,146.606,4.97,4.462,0.12580613055069353,0.036164619357714825,0.01759960310707832,0.012057324002180715,0.07668679796178896,0.6288086771965027,0.5745787024497986,0.6001938581466675
main,sub-06,transformer,Transformer,42,True,25,128,0.0004,25,2.152812,49.86,147.083,5.447,4.939,0.15076313268974356,0.04315816276995829,0.020884286680045962,0.013615558197753622,0.09261111969986167,0.6339051723480225,0.5893951654434204,0.6105605959892273
main,sub-07,linear_multi,Joint Linear (Ours),42,True,25,128,0.0004,25,1.68775,50.93,146.648,5.012,4.503,0.14771389370552732,0.04288203805057283,0.020232736923242192,0.01285285647975652,0.0886949993864066,0.6175552606582642,0.5917445421218872,0.6041244268417358
main,sub-07,multi_token,Independent Heads,42,True,25,128,0.0004,25,1.679445,51.78,146.63,4.994,4.485,0.13969427075915775,0.041809258400778676,0.019842434025098363,0.01301428671459786,0.08383333175886065,0.6220738291740417,0.5856626033782959,0.6030433773994446
main,sub-07,single_token,Single Token,42,True,25,128,0.0004,25,2.202083,50.14,146.606,4.97,4.462,0.13233655361975344,0.036115458503154334,0.017652305939131547,0.011928628603827414,0.07857147944370248,0.6306345462799072,0.5802035331726074,0.6040492057800293
main,sub-07,transformer,Transformer,42,True,25,128,0.0004,25,2.14236,49.88,147.083,5.447,4.939,0.13716337997112746,0.03914432818629527,0.020029499209844495,0.013005403581777,0.08177490702162304,0.6227352023124695,0.5782729387283325,0.5993363857269287
main,sub-08,linear_multi,Joint Linear (Ours),42,True,25,128,0.0004,25,1.695098,59.02,146.648,5.012,4.503,0.17708753402322788,0.06409626932368319,0.03367804702865179,0.020371832719718225,0.11559528505298977,0.6202920079231262,0.5998380184173584,0.6096201539039612
main,sub-08,multi_token,Independent Heads,42,True,25,128,0.0004,25,1.712443,60.28,146.63,4.994,4.485,0.1548057451792675,0.05638183666398586,0.033019728561744045,0.022111732051563457,0.10289159365443387,0.636560320854187,0.5931709408760071,0.6137748956680298
main,sub-08,single_token,Single Token,42,True,25,128,0.0004,25,2.266949,59.08,146.606,4.97,4.462,0.12025403589190381,0.03370485334260177,0.01772521610723562,0.012121408564364696,0.07191503471768847,0.6276865005493164,0.579670786857605,0.6024611592292786
main,sub-08,transformer,Transformer,42,True,25,128,0.0004,25,2.209132,59.81,147.083,5.447,4.939,0.14261320480140852,0.03638128714565158,0.018612833251247754,0.012514471085097392,0.0824695588860249,0.6266700029373169,0.5682299733161926,0.5957245230674744
main,sub-09,linear_multi,Joint Linear (Ours),42,True,25,128,0.0004,25,1.526894,64.73,146.648,5.012,4.503,0.1676813515069559,0.04904408094371185,0.02399227197906099,0.015603399849174655,0.10025514349343707,0.614749550819397,0.5927743911743164,0.6030588150024414
main,sub-09,multi_token,Independent Heads,42,True,25,128,0.0004,25,1.554567,65.52,146.63,4.994,4.485,0.15826764756681824,0.04816706001978494,0.02259165668279046,0.014433915505104072,0.09303324139165667,0.6187129020690918,0.5872867703437805,0.6023555397987366
main,sub-09,single_token,Single Token,42,True,25,128,0.0004,25,2.099194,64.18,146.606,4.97,4.462,0.163234589562225,0.047442429027124734,0.021681983391940992,0.01390734406408346,0.0948755802628044,0.6260892152786255,0.5991244912147522,0.6119962334632874
main,sub-09,transformer,Transformer,42,True,25,128,0.0004,25,2.048736,63.42,147.083,5.447,4.939,0.16229716690140772,0.046185935525156714,0.020427499883825327,0.013241903476805547,0.09577935029962525,0.61915522813797,0.588878870010376,0.6033098697662354
main,sub-10,linear_multi,Joint Linear (Ours),42,True,25,128,0.0004,25,1.512979,62.43,146.648,5.012,4.503,0.1557193052686362,0.04408433456474728,0.020225992652619915,0.012885112047726468,0.09180140567865407,0.6164261698722839,0.5852599740028381,0.6001831889152527
main,sub-10,multi_token,Independent Heads,42,True,25,128,0.0004,25,1.542301,64.35,146.63,4.994,4.485,0.14376322373446407,0.04524080907661911,0.01994002892336717,0.012847892643084155,0.08928184321837347,0.6171008944511414,0.5875996351242065,0.6018140912055969
main,sub-10,single_token,Single Token,42,True,25,128,0.0004,25,2.09181,63.63,146.606,4.97,4.462,0.13052571143931205,0.03863914648285313,0.018634834578509663,0.012733995901550553,0.08011402539194039,0.6198210716247559,0.5774489045143127,0.5974842309951782
main,sub-10,transformer,Transformer,42,True,25,128,0.0004,25,2.033219,64.34,147.083,5.447,4.939,0.14756134675725513,0.04288862581288902,0.01958023988455135,0.013115927913472764,0.08968089328152395,0.6141148209571838,0.5801889896392822,0.5963106155395508
main,sub-13,linear_multi,Joint Linear (Ours),42,True,25,128,0.0004,25,1.56776,64.45,146.648,5.012,4.503,0.1497795614713444,0.04045800647272664,0.01878770152280782,0.012591067202871573,0.08990539512568556,0.6134883761405945,0.5881889462471008,0.6002715229988098
main,sub-13,multi_token,Independent Heads,42,True,25,128,0.0004,25,1.576036,63.48,146.63,4.994,4.485,0.1334914207252361,0.040931477510280985,0.020774349684445734,0.013398005986873747,0.08210105050539485,0.611328125,0.578182578086853,0.5939711332321167
main,sub-13,single_token,Single Token,42,True,25,128,0.0004,25,2.110223,63.33,146.606,4.97,4.462,0.13482492787318764,0.04093442573281575,0.019212215750027177,0.012894861661400123,0.08261518393661312,0.6218286156654358,0.5745818018913269,0.5969237685203552
main,sub-13,transformer,Transformer,42,True,25,128,0.0004,25,2.044182,63.4,147.083,5.447,4.939,0.1591853961873961,0.04431121826566868,0.01966744385755828,0.012769892209226637,0.09537629044826082,0.6118366122245789,0.5860311985015869,0.5984556078910828
main,sub-14,linear_multi,Joint Linear (Ours),42,True,25,128,0.0004,25,1.515014,63.82,146.648,5.012,4.503,0.1542459936826666,0.04409901659967387,0.022480011846400215,0.015030335629431896,0.0939414244218559,0.6103332042694092,0.5876766443252563,0.5984711647033691
main,sub-14,multi_token,Independent Heads,42,True,25,128,0.0004,25,1.528699,64.76,146.63,4.994,4.485,0.14705357987233716,0.04588585364314926,0.02125238962791834,0.013714781853685713,0.08991138179835505,0.6139000058174133,0.5845786929130554,0.5985879302024841
main,sub-14,single_token,Single Token,42,True,25,128,0.0004,25,2.10277,66.56,146.606,4.97,4.462,0.13210462402644776,0.03567951290161416,0.01721970711868917,0.011696661367728555,0.07710545312255532,0.6265986561775208,0.5803303122520447,0.6022356152534485
main,sub-14,transformer,Transformer,42,True,25,128,0.0004,25,2.03514,63.95,147.083,5.447,4.939,0.12336559414702601,0.03607895151058719,0.017397248832983176,0.01162311712856099,0.07521898581264347,0.6245616674423218,0.5756032466888428,0.5986871719360352
main,sub-15,linear_multi,Joint Linear (Ours),42,True,25,128,0.0004,25,1.673708,66.06,146.648,5.012,4.503,0.15257805683699804,0.03555525248710864,0.017758813055116448,0.011607721190574322,0.08771503193163027,0.6138379573822021,0.5855712890625,0.5990819334983826
main,sub-15,multi_token,Independent Heads,42,True,25,128,0.0004,25,1.69915,67.9,146.63,4.994,4.485,0.140641586570835,0.03912182632066418,0.019320497774165935,0.012801355570452718,0.0853662026768561,0.603590726852417,0.5786910057067871,0.5905409455299377
main,sub-15,single_token,Single Token,42,True,25,128,0.0004,25,2.195163,65.35,146.606,4.97,4.462,0.12562110544279462,0.034201309278941036,0.015924630254680466,0.010805177696136717,0.0762847225115045,0.6340334415435791,0.5774866342544556,0.6042112708091736
main,sub-15,transformer,Transformer,42,True,25,128,0.0004,25,2.140998,66.88,147.083,5.447,4.939,0.13735973389794628,0.034787143691041716,0.01684263971151316,0.01123779768008486,0.07993672485625175,0.613108217716217,0.578213095664978,0.5948071479797363
